{
  "addition" : { 
   
     "value":"Prototype",
     "firstNumber":1,
     "secondNumber":2,
     "operationdrpdwn":"Add",
     "expected":3
  },
  "subtraction":{
  "value":"Prototype",
  "firstNumber":1,
  "secondNumber":4,
  "operationdrpdwn":"Subtract",
  "expected":-3
  },
  "Multiplication":{
  "value":"Prototype",
  "firstNumber":5,
  "secondNumber":4,
  "operationdrpdwn":"Multiply",
  "expected":20
  },
  "Division":{
  "value":"Prototype",
  "firstNumber":1,
  "secondNumber":4,
  "operationdrpdwn":"Divide",
  "expected":0.25
 },
 "Concatenation":{
  "value":"Prototype",
  "firstNumber":2,
  "secondNumber":4,
  "operationdrpdwn":"Concatenate",
  "expected":24
 },
 "Decimal":{
  "value":"Prototype",
  "firstNumber":2.2,
  "secondNumber":3.9,
  "operationdrpdwn":"Add",
  "expected":6.1
 },
 "IntegerAdd":{
  "value":"Prototype",
  "firstNumber":2.2,
  "secondNumber":3.8,
  "operationdrpdwn":"Add",
  "expected":6
 },
 "Long":{
  "value":"Prototype",
  "firstNumber":1234567890123,
  "secondNumber":1234567890123,
  "operationdrpdwn":"Add",
  "expected":2469135780
 },
 "errormsge":{
   "value":"Prototype",
   "firstNumber":4,
   "secondNumber":0,
   "operationdrpdwn":"Divide",
   "expected":"Divide by zero error!" 
 }

} 